Description,Category,Finance Type
Debited ₹2004.66 at Myntra,Shopping,Spend
Paid ₹4048.49 to Gas Agency,Utilities,Spend
Debited ₹9539.51 at Landlord,Rent,Spend
Credited ₹6598.74 from KFC,Restaurants,Receive
Paid ₹7674.46 to Flipkart,Shopping,Spend
₹2953.92 received via UPI from TCS,Paycheck,Receive
Received ₹9703.3 from Electric Board,Utilities,Receive
Debited ₹3270.13 at Flipkart,Shopping,Spend
Credited ₹7949.17 from Society,Rent,Receive
Paid ₹3853.22 to Myntra,Shopping,Spend
Paid ₹4212.57 to Swiggy,Restaurants,Spend
Received ₹3461.96 from Infosys,Paycheck,Receive
Credited ₹2833.54 from Domino's,Restaurants,Receive
₹1878.29 received via UPI from TCS,Paycheck,Receive
Received ₹7931.26 from Flipkart,Shopping,Receive
Paid ₹9250.39 to Gas Agency,Utilities,Spend
UPI payment of ₹1375.14 to Domino's,Restaurants,Spend
UPI payment of ₹9597.72 to Swiggy,Restaurants,Spend
Paid ₹3491.61 to Domino's,Restaurants,Spend
UPI payment of ₹2401.44 to TCS,Paycheck,Spend
Received ₹1077.39 from Swiggy,Restaurants,Receive
UPI payment of ₹9920.94 to Infosys,Paycheck,Spend
Debited ₹4101.28 at Domino's,Restaurants,Spend
₹1082.34 received via UPI from Water Dept,Utilities,Receive
Received ₹4818.21 from Wipro,Paycheck,Receive
Received ₹7015.46 from Landlord,Rent,Receive
Debited ₹9878.86 at Flipkart,Shopping,Spend
UPI payment of ₹3648.4 to Flipkart,Shopping,Spend
₹2807.69 received via UPI from Flatmate,Rent,Receive
Received ₹1547.01 from KFC,Restaurants,Receive
Received ₹9610.73 from KFC,Restaurants,Receive
₹6107.76 received via UPI from Flipkart,Shopping,Receive
Credited ₹7041.5 from Wipro,Paycheck,Receive
UPI payment of ₹8280.82 to Swiggy,Restaurants,Spend
Debited ₹1498.97 at Wipro,Paycheck,Spend
UPI payment of ₹4306.03 to Domino's,Restaurants,Spend
₹1074.74 received via UPI from Domino's,Restaurants,Receive
Received ₹3637.03 from Wipro,Paycheck,Receive
Paid ₹2432.68 to Gas Agency,Utilities,Spend
Debited ₹1532.23 at Water Dept,Utilities,Spend
Received ₹2918.5 from KFC,Restaurants,Receive
Received ₹7829.97 from Gas Agency,Utilities,Receive
Paid ₹8236.97 to Swiggy,Restaurants,Spend
Paid ₹8929.47 to Infosys,Paycheck,Spend
UPI payment of ₹5609.51 to Flipkart,Shopping,Spend
UPI payment of ₹1867.32 to Gas Agency,Utilities,Spend
Credited ₹6421.03 from Wipro,Paycheck,Receive
Received ₹9003.4 from Amazon,Shopping,Receive
Credited ₹4124.62 from Swiggy,Restaurants,Receive
Received ₹9411.74 from Wipro,Paycheck,Receive
₹203.95 received via UPI from TCS,Paycheck,Receive
Debited ₹4271.19 at Gas Agency,Utilities,Spend
₹707.6 received via UPI from Flipkart,Shopping,Receive
Paid ₹1500.28 to Infosys,Paycheck,Spend
Received ₹6295.06 from KFC,Restaurants,Receive
UPI payment of ₹1918.45 to Water Dept,Utilities,Spend
Debited ₹5185.57 at Flatmate,Rent,Spend
Credited ₹3788.22 from Landlord,Rent,Receive
Received ₹4308.25 from Domino's,Restaurants,Receive
Debited ₹6591.62 at Water Dept,Utilities,Spend
Received ₹9397.91 from Myntra,Shopping,Receive
Debited ₹4060.38 at Swiggy,Restaurants,Spend
Paid ₹211.26 to Flatmate,Rent,Spend
Paid ₹5608.85 to Gas Agency,Utilities,Spend
₹3260.54 received via UPI from Water Dept,Utilities,Receive
UPI payment of ₹8546.55 to Landlord,Rent,Spend
₹5923.86 received via UPI from Flipkart,Shopping,Receive
Received ₹1928.84 from Domino's,Restaurants,Receive
Debited ₹3802.15 at KFC,Restaurants,Spend
Paid ₹4949.23 to TCS,Paycheck,Spend
Paid ₹9142.98 to Society,Rent,Spend
₹2992.86 received via UPI from Gas Agency,Utilities,Receive
Received ₹6148.81 from KFC,Restaurants,Receive
₹594.35 received via UPI from Landlord,Rent,Receive
Debited ₹7434.16 at Society,Rent,Spend
Debited ₹4701.08 at Flatmate,Rent,Spend
Paid ₹6510.48 to Wipro,Paycheck,Spend
Received ₹1317.36 from Gas Agency,Utilities,Receive
₹6238.52 received via UPI from KFC,Restaurants,Receive
Debited ₹5652.5 at Amazon,Shopping,Spend
Paid ₹8961.22 to Landlord,Rent,Spend
UPI payment of ₹492.04 to Wipro,Paycheck,Spend
Paid ₹7136.33 to Infosys,Paycheck,Spend
₹5412.16 received via UPI from Amazon,Shopping,Receive
Paid ₹2207.8 to Myntra,Shopping,Spend
Paid ₹1539.94 to Myntra,Shopping,Spend
Paid ₹672.08 to Water Dept,Utilities,Spend
Credited ₹1070.92 from Society,Rent,Receive
Credited ₹8805.93 from Flatmate,Rent,Receive
Credited ₹2040.25 from Society,Rent,Receive
Debited ₹1188.15 at Flatmate,Rent,Spend
UPI payment of ₹3594.08 to TCS,Paycheck,Spend
Debited ₹886.14 at Domino's,Restaurants,Spend
₹753.42 received via UPI from TCS,Paycheck,Receive
UPI payment of ₹9623.73 to Electric Board,Utilities,Spend
Credited ₹5833.16 from Infosys,Paycheck,Receive
Received ₹5025.55 from Swiggy,Restaurants,Receive
Credited ₹1359.79 from Infosys,Paycheck,Receive
Credited ₹7497.95 from Infosys,Paycheck,Receive
Received ₹6640.77 from Water Dept,Utilities,Receive
Debited ₹3564.63 at Amazon,Shopping,Spend
Credited ₹8836.94 from Amazon,Shopping,Receive
Paid ₹2058.9 to Domino's,Restaurants,Spend
Debited ₹9749.99 at KFC,Restaurants,Spend
Received ₹4971.35 from Amazon,Shopping,Receive
Received ₹6712.8 from Wipro,Paycheck,Receive
Received ₹2182.21 from Myntra,Shopping,Receive
Credited ₹6085.28 from Myntra,Shopping,Receive
Debited ₹8624.82 at Flatmate,Rent,Spend
Paid ₹1690.45 to TCS,Paycheck,Spend
₹1472.74 received via UPI from Society,Rent,Receive
Debited ₹3138.53 at KFC,Restaurants,Spend
Credited ₹6910.25 from Society,Rent,Receive
Paid ₹259.33 to Flatmate,Rent,Spend
Paid ₹5228.93 to Wipro,Paycheck,Spend
Paid ₹4138.07 to Society,Rent,Spend
₹4560.13 received via UPI from Amazon,Shopping,Receive
Debited ₹6650.51 at Water Dept,Utilities,Spend
Received ₹584.01 from Gas Agency,Utilities,Receive
Paid ₹751.65 to KFC,Restaurants,Spend
Received ₹5597.05 from Water Dept,Utilities,Receive
Received ₹4871.05 from Flipkart,Shopping,Receive
UPI payment of ₹2892.59 to Domino's,Restaurants,Spend
Credited ₹5634.84 from Gas Agency,Utilities,Receive
Debited ₹2746.8 at Electric Board,Utilities,Spend
Debited ₹7708.21 at Water Dept,Utilities,Spend
Debited ₹552.22 at Infosys,Paycheck,Spend
Credited ₹6824.95 from Flatmate,Rent,Receive
Received ₹9825.67 from TCS,Paycheck,Receive
Paid ₹6580.58 to Myntra,Shopping,Spend
Paid ₹4630.57 to TCS,Paycheck,Spend
Received ₹2633.98 from Amazon,Shopping,Receive
UPI payment of ₹4709.29 to TCS,Paycheck,Spend
₹1726.33 received via UPI from KFC,Restaurants,Receive
Received ₹1858.85 from Swiggy,Restaurants,Receive
Received ₹3364.01 from Infosys,Paycheck,Receive
UPI payment of ₹9651.93 to Landlord,Rent,Spend
Paid ₹7367.99 to Landlord,Rent,Spend
₹9313.26 received via UPI from Electric Board,Utilities,Receive
Paid ₹8007.47 to Society,Rent,Spend
UPI payment of ₹6790.42 to Wipro,Paycheck,Spend
Debited ₹7419.68 at Gas Agency,Utilities,Spend
Credited ₹7536.99 from Domino's,Restaurants,Receive
Received ₹4793.34 from Water Dept,Utilities,Receive
₹1778.55 received via UPI from Landlord,Rent,Receive
UPI payment of ₹4502.48 to Gas Agency,Utilities,Spend
UPI payment of ₹6644.02 to Swiggy,Restaurants,Spend
Debited ₹8387.4 at Society,Rent,Spend
Paid ₹3505.18 to Electric Board,Utilities,Spend
Debited ₹6342.1 at Electric Board,Utilities,Spend
UPI payment of ₹2751.82 to Swiggy,Restaurants,Spend
UPI payment of ₹8759.02 to Flatmate,Rent,Spend
Received ₹8713.58 from Electric Board,Utilities,Receive
Paid ₹1462.67 to Water Dept,Utilities,Spend
Paid ₹5482.32 to Myntra,Shopping,Spend
Credited ₹2806.69 from KFC,Restaurants,Receive
UPI payment of ₹2139.99 to Gas Agency,Utilities,Spend
Paid ₹1103.33 to Amazon,Shopping,Spend
Credited ₹9990.69 from Flatmate,Rent,Receive
Credited ₹7250.92 from Landlord,Rent,Receive
Received ₹5545.57 from Flatmate,Rent,Receive
₹1104.19 received via UPI from Flipkart,Shopping,Receive
Paid ₹3770.06 to Swiggy,Restaurants,Spend
Received ₹3396.82 from TCS,Paycheck,Receive
Received ₹5855.99 from Swiggy,Restaurants,Receive
Paid ₹5064.36 to KFC,Restaurants,Spend
Received ₹7999.45 from TCS,Paycheck,Receive
UPI payment of ₹7397.43 to Electric Board,Utilities,Spend
Debited ₹5215.35 at Amazon,Shopping,Spend
Received ₹8622.56 from Society,Rent,Receive
Credited ₹3909.55 from KFC,Restaurants,Receive
Credited ₹8228.67 from Domino's,Restaurants,Receive
Credited ₹2788.18 from Domino's,Restaurants,Receive
₹3414.59 received via UPI from Society,Rent,Receive
₹108.37 received via UPI from Landlord,Rent,Receive
₹5634.9 received via UPI from Myntra,Shopping,Receive
Credited ₹5835.36 from Swiggy,Restaurants,Receive
Credited ₹3287.66 from Amazon,Shopping,Receive
Credited ₹2778.39 from Electric Board,Utilities,Receive
UPI payment of ₹3669.16 to Gas Agency,Utilities,Spend
Debited ₹3716.88 at Gas Agency,Utilities,Spend
Received ₹7042.84 from Swiggy,Restaurants,Receive
Credited ₹826.87 from Landlord,Rent,Receive
Credited ₹1356.93 from Domino's,Restaurants,Receive
Received ₹9458.43 from Flatmate,Rent,Receive
Paid ₹9340.63 to Landlord,Rent,Spend
UPI payment of ₹4146.37 to Flatmate,Rent,Spend
UPI payment of ₹8228.46 to Amazon,Shopping,Spend
UPI payment of ₹5672.14 to Gas Agency,Utilities,Spend
₹5862.56 received via UPI from Electric Board,Utilities,Receive
Credited ₹7429.39 from Electric Board,Utilities,Receive
Received ₹3194.45 from Amazon,Shopping,Receive
Debited ₹7566.54 at Electric Board,Utilities,Spend
UPI payment of ₹6525.47 to Flipkart,Shopping,Spend
UPI payment of ₹7624.66 to Amazon,Shopping,Spend
₹288.83 received via UPI from TCS,Paycheck,Receive
₹1261.64 received via UPI from Swiggy,Restaurants,Receive
UPI payment of ₹8007.34 to Infosys,Paycheck,Spend
Debited ₹4113.76 at Flipkart,Shopping,Spend
Credited ₹2758.19 from Wipro,Paycheck,Receive
Credited ₹7012.04 from Electric Board,Utilities,Receive
Debited ₹3676.19 at Gas Agency,Utilities,Spend
₹7168.23 received via UPI from Landlord,Rent,Receive
₹4220.48 received via UPI from Landlord,Rent,Receive
Credited ₹7694.63 from Flatmate,Rent,Receive
₹2913.19 received via UPI from Wipro,Paycheck,Receive
Received ₹3662.37 from Flipkart,Shopping,Receive
₹9500.7 received via UPI from Wipro,Paycheck,Receive
₹3497.27 received via UPI from Myntra,Shopping,Receive
Paid ₹5245.83 to Amazon,Shopping,Spend
Credited ₹5949.73 from Myntra,Shopping,Receive
UPI payment of ₹621.16 to Society,Rent,Spend
Received ₹6412.01 from Swiggy,Restaurants,Receive
UPI payment of ₹4928.8 to Myntra,Shopping,Spend
₹532.39 received via UPI from TCS,Paycheck,Receive
Debited ₹5811.58 at Domino's,Restaurants,Spend
₹3837.81 received via UPI from Wipro,Paycheck,Receive
UPI payment of ₹1720.89 to Flipkart,Shopping,Spend
Received ₹1717.88 from KFC,Restaurants,Receive
Paid ₹3414.77 to Amazon,Shopping,Spend
UPI payment of ₹8095.86 to Amazon,Shopping,Spend
UPI payment of ₹9646.86 to TCS,Paycheck,Spend
Credited ₹8358.79 from Amazon,Shopping,Receive
Debited ₹3325.9 at Flipkart,Shopping,Spend
Credited ₹1072.51 from Gas Agency,Utilities,Receive
Received ₹621.01 from TCS,Paycheck,Receive
Paid ₹5649.09 to Society,Rent,Spend
₹6337.24 received via UPI from Flatmate,Rent,Receive
Received ₹9204.41 from Gas Agency,Utilities,Receive
₹8727.96 received via UPI from Flipkart,Shopping,Receive
Received ₹4823.13 from Landlord,Rent,Receive
Debited ₹8085.83 at Electric Board,Utilities,Spend
Credited ₹7682.98 from Wipro,Paycheck,Receive
Paid ₹7209.85 to Myntra,Shopping,Spend
Received ₹6424.48 from Swiggy,Restaurants,Receive
₹8607.42 received via UPI from Landlord,Rent,Receive
Paid ₹2441.14 to Flatmate,Rent,Spend
₹1925.27 received via UPI from Flatmate,Rent,Receive
UPI payment of ₹7462.95 to Swiggy,Restaurants,Spend
UPI payment of ₹2573.17 to Gas Agency,Utilities,Spend
₹8105.17 received via UPI from Society,Rent,Receive
Credited ₹5671.15 from Society,Rent,Receive
UPI payment of ₹8889.78 to KFC,Restaurants,Spend
UPI payment of ₹633.43 to Water Dept,Utilities,Spend
Received ₹2687.88 from Electric Board,Utilities,Receive
UPI payment of ₹8671.24 to Swiggy,Restaurants,Spend
Debited ₹3680.49 at TCS,Paycheck,Spend
Received ₹3763.97 from KFC,Restaurants,Receive
Credited ₹7559.89 from Flipkart,Shopping,Receive
Debited ₹292.41 at Gas Agency,Utilities,Spend
Paid ₹4721.82 to KFC,Restaurants,Spend
Paid ₹4754.35 to Flipkart,Shopping,Spend
Credited ₹4815.56 from Domino's,Restaurants,Receive
Paid ₹6303.83 to Flatmate,Rent,Spend
Received ₹7857.91 from Domino's,Restaurants,Receive
UPI payment of ₹3749.62 to Flatmate,Rent,Spend
Debited ₹7066.24 at Landlord,Rent,Spend
Received ₹725.78 from Electric Board,Utilities,Receive
Received ₹5671.69 from Amazon,Shopping,Receive
Credited ₹8930.68 from Domino's,Restaurants,Receive
Credited ₹1643.38 from Society,Rent,Receive
Received ₹4006.79 from Flatmate,Rent,Receive
Paid ₹7214.53 to Infosys,Paycheck,Spend
Credited ₹8114.39 from Wipro,Paycheck,Receive
Received ₹9028.48 from Flatmate,Rent,Receive
Paid ₹2644.98 to Water Dept,Utilities,Spend
Received ₹3175.49 from Amazon,Shopping,Receive
Debited ₹1443.58 at Landlord,Rent,Spend
UPI payment of ₹5671.23 to TCS,Paycheck,Spend
Received ₹2832.51 from Domino's,Restaurants,Receive
Debited ₹2455.79 at Flatmate,Rent,Spend
Received ₹9919.5 from Infosys,Paycheck,Receive
Paid ₹1663.36 to Society,Rent,Spend
UPI payment of ₹8102.87 to Amazon,Shopping,Spend
Debited ₹4264.35 at Infosys,Paycheck,Spend
UPI payment of ₹9365.26 to Flatmate,Rent,Spend
₹2458.56 received via UPI from Myntra,Shopping,Receive
Credited ₹2474.31 from Water Dept,Utilities,Receive
Paid ₹4923.05 to Electric Board,Utilities,Spend
Paid ₹1194.41 to Swiggy,Restaurants,Spend
Credited ₹455.96 from Landlord,Rent,Receive
Credited ₹1931.72 from Wipro,Paycheck,Receive
Credited ₹4389.42 from Infosys,Paycheck,Receive
Received ₹2876.18 from Wipro,Paycheck,Receive
Received ₹4305.94 from Electric Board,Utilities,Receive
Paid ₹9031.08 to Water Dept,Utilities,Spend
Credited ₹7263.47 from KFC,Restaurants,Receive
Debited ₹2478.12 at Amazon,Shopping,Spend
Paid ₹1364.25 to Landlord,Rent,Spend
₹7733.39 received via UPI from Flatmate,Rent,Receive
UPI payment of ₹9725.73 to Landlord,Rent,Spend
UPI payment of ₹9774.54 to Domino's,Restaurants,Spend
₹6964.43 received via UPI from Swiggy,Restaurants,Receive
₹1321.04 received via UPI from Water Dept,Utilities,Receive
₹1251.46 received via UPI from Domino's,Restaurants,Receive
Debited ₹536.08 at Swiggy,Restaurants,Spend
₹6078.9 received via UPI from Gas Agency,Utilities,Receive
UPI payment of ₹1111.4 to Electric Board,Utilities,Spend
₹8497.24 received via UPI from Landlord,Rent,Receive
Debited ₹3256.0 at Gas Agency,Utilities,Spend
Paid ₹5919.61 to TCS,Paycheck,Spend
Received ₹632.55 from Flatmate,Rent,Receive
Paid ₹3100.88 to Flipkart,Shopping,Spend
Credited ₹9018.45 from Flipkart,Shopping,Receive
Received ₹4464.63 from Flatmate,Rent,Receive
₹5004.6 received via UPI from Flatmate,Rent,Receive
Paid ₹8531.9 to Amazon,Shopping,Spend
Debited ₹2493.97 at Domino's,Restaurants,Spend
UPI payment of ₹3364.24 to Flatmate,Rent,Spend
Credited ₹7210.72 from Amazon,Shopping,Receive
Credited ₹4391.95 from Swiggy,Restaurants,Receive
₹9352.17 received via UPI from Water Dept,Utilities,Receive
Received ₹6283.72 from Infosys,Paycheck,Receive
Debited ₹8606.36 at KFC,Restaurants,Spend
₹810.18 received via UPI from Society,Rent,Receive
Received ₹4101.26 from Myntra,Shopping,Receive
Received ₹9083.93 from Flipkart,Shopping,Receive
Received ₹5398.15 from Wipro,Paycheck,Receive
Paid ₹9826.03 to Flipkart,Shopping,Spend
₹5997.35 received via UPI from Infosys,Paycheck,Receive
Received ₹8261.59 from Infosys,Paycheck,Receive
₹4327.11 received via UPI from Myntra,Shopping,Receive
Debited ₹769.36 at Myntra,Shopping,Spend
Received ₹4772.45 from Infosys,Paycheck,Receive
Paid ₹9349.33 to Water Dept,Utilities,Spend
Credited ₹6219.27 from Domino's,Restaurants,Receive
₹8913.52 received via UPI from Society,Rent,Receive
UPI payment of ₹422.38 to Domino's,Restaurants,Spend
Paid ₹6158.92 to Society,Rent,Spend
Received ₹707.26 from TCS,Paycheck,Receive
Debited ₹8299.19 at Infosys,Paycheck,Spend
UPI payment of ₹2028.18 to Wipro,Paycheck,Spend
Credited ₹8753.16 from Swiggy,Restaurants,Receive
Received ₹7894.85 from KFC,Restaurants,Receive
UPI payment of ₹2128.66 to Flipkart,Shopping,Spend
Received ₹7960.38 from Landlord,Rent,Receive
Paid ₹881.41 to Flipkart,Shopping,Spend
Debited ₹5295.29 at Electric Board,Utilities,Spend
Received ₹1827.1 from Flatmate,Rent,Receive
₹1143.2 received via UPI from Amazon,Shopping,Receive
Debited ₹8599.82 at Swiggy,Restaurants,Spend
Credited ₹3165.07 from Myntra,Shopping,Receive
Credited ₹6508.62 from Gas Agency,Utilities,Receive
Credited ₹113.31 from Flipkart,Shopping,Receive
UPI payment of ₹9094.08 to TCS,Paycheck,Spend
₹9242.9 received via UPI from Flatmate,Rent,Receive
Credited ₹2081.05 from Electric Board,Utilities,Receive
₹6902.17 received via UPI from Flatmate,Rent,Receive
₹4736.48 received via UPI from Flipkart,Shopping,Receive
Credited ₹2480.72 from TCS,Paycheck,Receive
Paid ₹2821.78 to Landlord,Rent,Spend
₹3607.14 received via UPI from Swiggy,Restaurants,Receive
UPI payment of ₹6723.31 to Society,Rent,Spend
UPI payment of ₹961.78 to Wipro,Paycheck,Spend
Received ₹7180.57 from Domino's,Restaurants,Receive
Received ₹3474.25 from Myntra,Shopping,Receive
₹7178.48 received via UPI from Water Dept,Utilities,Receive
Credited ₹3752.43 from Water Dept,Utilities,Receive
Paid ₹1678.31 to Flipkart,Shopping,Spend
₹4411.83 received via UPI from Flatmate,Rent,Receive
UPI payment of ₹8721.16 to Swiggy,Restaurants,Spend
UPI payment of ₹9571.56 to Flatmate,Rent,Spend
Received ₹8730.57 from TCS,Paycheck,Receive
Received ₹1583.36 from Domino's,Restaurants,Receive
Credited ₹9647.44 from Water Dept,Utilities,Receive
UPI payment of ₹3539.16 to Infosys,Paycheck,Spend
UPI payment of ₹6696.69 to Flipkart,Shopping,Spend
₹2772.57 received via UPI from Myntra,Shopping,Receive
₹6752.67 received via UPI from TCS,Paycheck,Receive
Credited ₹7404.19 from Flipkart,Shopping,Receive
Credited ₹9150.02 from Amazon,Shopping,Receive
UPI payment of ₹4592.54 to Amazon,Shopping,Spend
UPI payment of ₹9384.33 to Water Dept,Utilities,Spend
Paid ₹2960.31 to Gas Agency,Utilities,Spend
UPI payment of ₹2499.42 to KFC,Restaurants,Spend
₹1670.0 received via UPI from Amazon,Shopping,Receive
Received ₹8089.35 from Amazon,Shopping,Receive
Debited ₹3878.03 at TCS,Paycheck,Spend
₹5160.66 received via UPI from Infosys,Paycheck,Receive
Credited ₹3555.64 from Wipro,Paycheck,Receive
Paid ₹9198.19 to Flipkart,Shopping,Spend
UPI payment of ₹8998.62 to Flatmate,Rent,Spend
₹6605.15 received via UPI from Gas Agency,Utilities,Receive
Credited ₹6359.13 from Electric Board,Utilities,Receive
UPI payment of ₹4981.89 to Domino's,Restaurants,Spend
₹910.11 received via UPI from Electric Board,Utilities,Receive
Credited ₹3231.25 from TCS,Paycheck,Receive
Debited ₹2280.36 at Water Dept,Utilities,Spend
UPI payment of ₹2781.18 to Swiggy,Restaurants,Spend
₹3671.0 received via UPI from Infosys,Paycheck,Receive
Received ₹9342.47 from Electric Board,Utilities,Receive
Debited ₹4404.26 at Domino's,Restaurants,Spend
Credited ₹9136.38 from Gas Agency,Utilities,Receive
₹4665.56 received via UPI from Domino's,Restaurants,Receive
Credited ₹3066.99 from Myntra,Shopping,Receive
Paid ₹5522.51 to Domino's,Restaurants,Spend
Paid ₹4019.32 to Water Dept,Utilities,Spend
UPI payment of ₹4418.49 to Society,Rent,Spend
Debited ₹1085.17 at Swiggy,Restaurants,Spend
₹5387.81 received via UPI from Gas Agency,Utilities,Receive
Credited ₹1844.59 from Gas Agency,Utilities,Receive
Received ₹6040.16 from Electric Board,Utilities,Receive
₹6542.99 received via UPI from Flipkart,Shopping,Receive
Received ₹7267.46 from TCS,Paycheck,Receive
Paid ₹5953.06 to Flipkart,Shopping,Spend
Credited ₹3302.12 from Society,Rent,Receive
₹1480.31 received via UPI from Electric Board,Utilities,Receive
Received ₹8630.3 from Landlord,Rent,Receive
Paid ₹4414.66 to Flatmate,Rent,Spend
Received ₹8983.9 from Amazon,Shopping,Receive
₹5525.66 received via UPI from Domino's,Restaurants,Receive
₹7683.05 received via UPI from Swiggy,Restaurants,Receive
Debited ₹3169.48 at Society,Rent,Spend
Received ₹5129.88 from TCS,Paycheck,Receive
Credited ₹9347.07 from Infosys,Paycheck,Receive
Paid ₹453.54 to Amazon,Shopping,Spend
Debited ₹2262.85 at Swiggy,Restaurants,Spend
Debited ₹3536.96 at Swiggy,Restaurants,Spend
UPI payment of ₹2888.53 to Infosys,Paycheck,Spend
Credited ₹2695.94 from Gas Agency,Utilities,Receive
₹1272.02 received via UPI from KFC,Restaurants,Receive
Credited ₹3349.58 from TCS,Paycheck,Receive
Paid ₹9847.03 to Amazon,Shopping,Spend
Paid ₹9431.85 to Landlord,Rent,Spend
Received ₹8200.94 from Water Dept,Utilities,Receive
₹6653.38 received via UPI from Landlord,Rent,Receive
Credited ₹3042.64 from Water Dept,Utilities,Receive
Credited ₹2644.33 from Myntra,Shopping,Receive
Credited ₹3263.33 from Myntra,Shopping,Receive
Credited ₹9644.18 from Electric Board,Utilities,Receive
₹1726.53 received via UPI from Myntra,Shopping,Receive
Received ₹6254.91 from Electric Board,Utilities,Receive
₹5849.91 received via UPI from Flatmate,Rent,Receive
Received ₹3526.01 from Swiggy,Restaurants,Receive
UPI payment of ₹5601.45 to Gas Agency,Utilities,Spend
Received ₹2023.09 from Amazon,Shopping,Receive
Paid ₹1427.12 to Water Dept,Utilities,Spend
₹8814.01 received via UPI from Electric Board,Utilities,Receive
Debited ₹2350.31 at Wipro,Paycheck,Spend
₹6278.16 received via UPI from Society,Rent,Receive
Received ₹1674.47 from Gas Agency,Utilities,Receive
Debited ₹8001.95 at Society,Rent,Spend
Debited ₹5389.79 at Myntra,Shopping,Spend
Received ₹9991.42 from Domino's,Restaurants,Receive
Paid ₹4738.48 to Flatmate,Rent,Spend
₹8364.24 received via UPI from Amazon,Shopping,Receive
Paid ₹5087.66 to Infosys,Paycheck,Spend
Received ₹9265.55 from TCS,Paycheck,Receive
Paid ₹3468.86 to Society,Rent,Spend
₹2363.04 received via UPI from Wipro,Paycheck,Receive
Received ₹4926.83 from Society,Rent,Receive
Received ₹9057.98 from Water Dept,Utilities,Receive
Received ₹5450.12 from Landlord,Rent,Receive
Paid ₹2140.89 to Swiggy,Restaurants,Spend
Debited ₹7922.71 at Wipro,Paycheck,Spend
₹8075.38 received via UPI from Water Dept,Utilities,Receive
Received ₹7598.88 from Water Dept,Utilities,Receive
Debited ₹9870.99 at Amazon,Shopping,Spend
Paid ₹4364.16 to Flatmate,Rent,Spend
Credited ₹9501.53 from Society,Rent,Receive
Credited ₹9798.53 from Flatmate,Rent,Receive
UPI payment of ₹1305.76 to Flipkart,Shopping,Spend
Credited ₹1050.35 from TCS,Paycheck,Receive
Credited ₹5888.24 from Amazon,Shopping,Receive
Credited ₹3691.95 from Myntra,Shopping,Receive
Debited ₹402.4 at Domino's,Restaurants,Spend
₹514.56 received via UPI from Infosys,Paycheck,Receive
UPI payment of ₹6742.17 to KFC,Restaurants,Spend
Credited ₹4265.82 from Myntra,Shopping,Receive
₹1796.13 received via UPI from Wipro,Paycheck,Receive
UPI payment of ₹1004.81 to Gas Agency,Utilities,Spend
Credited ₹8898.54 from Amazon,Shopping,Receive
UPI payment of ₹6623.39 to Electric Board,Utilities,Spend
Paid ₹6040.58 to Society,Rent,Spend
Credited ₹3302.41 from Society,Rent,Receive
UPI payment of ₹7556.89 to Water Dept,Utilities,Spend
UPI payment of ₹7931.38 to Water Dept,Utilities,Spend
Received ₹6106.04 from Wipro,Paycheck,Receive
Received ₹6244.61 from Infosys,Paycheck,Receive
Credited ₹2334.65 from TCS,Paycheck,Receive
Received ₹7153.75 from TCS,Paycheck,Receive
Debited ₹9260.19 at TCS,Paycheck,Spend
Debited ₹3428.37 at Wipro,Paycheck,Spend
Debited ₹4492.94 at Flatmate,Rent,Spend
Received ₹9696.99 from Society,Rent,Receive
UPI payment of ₹9711.31 to Infosys,Paycheck,Spend
₹6724.39 received via UPI from Flipkart,Shopping,Receive
Paid ₹5593.9 to Amazon,Shopping,Spend
UPI payment of ₹5995.28 to Flipkart,Shopping,Spend
Credited ₹6589.05 from Domino's,Restaurants,Receive
Debited ₹581.74 at Wipro,Paycheck,Spend
Received ₹6876.34 from Society,Rent,Receive
Debited ₹1735.17 at KFC,Restaurants,Spend
Debited ₹4942.91 at Amazon,Shopping,Spend
Received ₹5581.47 from Gas Agency,Utilities,Receive
Credited ₹8997.31 from Myntra,Shopping,Receive
Debited ₹2674.49 at Landlord,Rent,Spend
Paid ₹4603.75 to Myntra,Shopping,Spend
Debited ₹988.41 at Flatmate,Rent,Spend
Credited ₹6423.14 from Swiggy,Restaurants,Receive
Credited ₹5045.26 from Flatmate,Rent,Receive
UPI payment of ₹6620.93 to Wipro,Paycheck,Spend
Received ₹7041.95 from Flatmate,Rent,Receive
UPI payment of ₹6783.17 to Society,Rent,Spend
Credited ₹6516.95 from Amazon,Shopping,Receive
Paid ₹757.62 to Electric Board,Utilities,Spend
Debited ₹476.61 at Flatmate,Rent,Spend
UPI payment of ₹2291.28 to Society,Rent,Spend
Credited ₹9074.63 from Society,Rent,Receive
UPI payment of ₹3857.5 to Water Dept,Utilities,Spend
Paid ₹1543.12 to Gas Agency,Utilities,Spend
UPI payment of ₹7654.03 to Amazon,Shopping,Spend
Paid ₹649.28 to Infosys,Paycheck,Spend
UPI payment of ₹9486.67 to TCS,Paycheck,Spend
Debited ₹7513.17 at Gas Agency,Utilities,Spend
Received ₹4052.6 from Landlord,Rent,Receive
Paid ₹5036.72 to Water Dept,Utilities,Spend
Paid ₹918.22 to Water Dept,Utilities,Spend
Debited ₹3210.96 at Water Dept,Utilities,Spend
Paid ₹9794.4 to KFC,Restaurants,Spend
₹3895.11 received via UPI from Society,Rent,Receive
UPI payment of ₹556.86 to Domino's,Restaurants,Spend
UPI payment of ₹4505.05 to Swiggy,Restaurants,Spend
Debited ₹4913.82 at Flatmate,Rent,Spend
UPI payment of ₹7952.85 to Myntra,Shopping,Spend
Received ₹7866.3 from Society,Rent,Receive
Paid ₹2108.03 to TCS,Paycheck,Spend
₹7156.87 received via UPI from Water Dept,Utilities,Receive
Paid ₹7096.66 to Swiggy,Restaurants,Spend
₹4790.41 received via UPI from Gas Agency,Utilities,Receive
UPI payment of ₹8523.6 to Swiggy,Restaurants,Spend
Credited ₹8930.97 from Domino's,Restaurants,Receive
Credited ₹2623.58 from Landlord,Rent,Receive
Credited ₹6504.67 from KFC,Restaurants,Receive
Received ₹6420.21 from Water Dept,Utilities,Receive
₹2597.35 received via UPI from Swiggy,Restaurants,Receive
Debited ₹2244.27 at Electric Board,Utilities,Spend
Paid ₹8989.04 to Amazon,Shopping,Spend
Credited ₹9454.18 from Landlord,Rent,Receive
Received ₹6193.01 from Water Dept,Utilities,Receive
Debited ₹385.44 at TCS,Paycheck,Spend
Debited ₹1798.85 at Myntra,Shopping,Spend
Received ₹1846.82 from Landlord,Rent,Receive
Received ₹8983.45 from Swiggy,Restaurants,Receive
UPI payment of ₹3137.22 to Wipro,Paycheck,Spend
Debited ₹4460.12 at Infosys,Paycheck,Spend
Debited ₹8482.24 at Society,Rent,Spend
Paid ₹2698.83 to Landlord,Rent,Spend
UPI payment of ₹8621.83 to Amazon,Shopping,Spend
Debited ₹1239.41 at Landlord,Rent,Spend
UPI payment of ₹1418.96 to Flipkart,Shopping,Spend
Paid ₹8069.74 to Amazon,Shopping,Spend
₹8116.78 received via UPI from TCS,Paycheck,Receive
Received ₹1828.45 from Amazon,Shopping,Receive
Paid ₹2572.47 to Myntra,Shopping,Spend
UPI payment of ₹3240.53 to Gas Agency,Utilities,Spend
Received ₹5673.4 from Wipro,Paycheck,Receive
Credited ₹3779.56 from Water Dept,Utilities,Receive
Credited ₹7939.7 from Landlord,Rent,Receive
Debited ₹6563.53 at Landlord,Rent,Spend
Debited ₹5686.52 at Wipro,Paycheck,Spend
Paid ₹827.72 to Domino's,Restaurants,Spend
₹4113.23 received via UPI from Domino's,Restaurants,Receive
Paid ₹3439.49 to Flipkart,Shopping,Spend
Credited ₹1030.56 from Wipro,Paycheck,Receive
Received ₹6214.92 from Amazon,Shopping,Receive
₹9827.29 received via UPI from Flatmate,Rent,Receive
Credited ₹690.55 from Domino's,Restaurants,Receive
Paid ₹2792.92 to Gas Agency,Utilities,Spend
UPI payment of ₹4390.86 to Domino's,Restaurants,Spend
UPI payment of ₹4723.56 to Myntra,Shopping,Spend
₹5522.27 received via UPI from Flipkart,Shopping,Receive
UPI payment of ₹3070.1 to Infosys,Paycheck,Spend
UPI payment of ₹2223.66 to Domino's,Restaurants,Spend
₹6170.55 received via UPI from Landlord,Rent,Receive
Received ₹8291.58 from Domino's,Restaurants,Receive
Paid ₹2186.4 to Amazon,Shopping,Spend
₹4551.25 received via UPI from TCS,Paycheck,Receive
₹9928.72 received via UPI from Flipkart,Shopping,Receive
Received ₹253.83 from Landlord,Rent,Receive
Debited ₹3274.59 at Electric Board,Utilities,Spend
Paid ₹6372.23 to Water Dept,Utilities,Spend
Received ₹6288.86 from TCS,Paycheck,Receive
Paid ₹5910.39 to Landlord,Rent,Spend
Received ₹1537.22 from Myntra,Shopping,Receive
₹9788.44 received via UPI from Flipkart,Shopping,Receive
Credited ₹4015.34 from Landlord,Rent,Receive
Debited ₹4519.23 at Swiggy,Restaurants,Spend
₹487.91 received via UPI from Amazon,Shopping,Receive
Paid ₹373.05 to Electric Board,Utilities,Spend
Received ₹5263.4 from Society,Rent,Receive
₹1425.82 received via UPI from Amazon,Shopping,Receive
₹3517.56 received via UPI from Society,Rent,Receive
Debited ₹4152.72 at Infosys,Paycheck,Spend
₹7040.57 received via UPI from Flipkart,Shopping,Receive
Debited ₹8876.68 at TCS,Paycheck,Spend
UPI payment of ₹8049.97 to Wipro,Paycheck,Spend
Debited ₹7321.05 at Flatmate,Rent,Spend
Debited ₹2328.88 at Flatmate,Rent,Spend
Paid ₹3531.18 to Society,Rent,Spend
Received ₹9737.57 from Society,Rent,Receive
Credited ₹6761.8 from Flipkart,Shopping,Receive
UPI payment of ₹515.42 to Society,Rent,Spend
₹7269.87 received via UPI from Domino's,Restaurants,Receive
Received ₹3780.66 from Domino's,Restaurants,Receive
Debited ₹1897.86 at Infosys,Paycheck,Spend
Received ₹2977.45 from Myntra,Shopping,Receive
UPI payment of ₹231.89 to Gas Agency,Utilities,Spend
Debited ₹8680.87 at Electric Board,Utilities,Spend
Paid ₹3278.89 to TCS,Paycheck,Spend
Received ₹5526.63 from Infosys,Paycheck,Receive
Credited ₹6294.47 from Myntra,Shopping,Receive
Paid ₹7765.26 to Flipkart,Shopping,Spend
Credited ₹1273.07 from Swiggy,Restaurants,Receive
₹5183.72 received via UPI from TCS,Paycheck,Receive
₹3045.43 received via UPI from Infosys,Paycheck,Receive
Debited ₹6290.4 at Amazon,Shopping,Spend
Received ₹7252.42 from KFC,Restaurants,Receive
Credited ₹2570.13 from KFC,Restaurants,Receive
Received ₹7520.87 from Water Dept,Utilities,Receive
₹8960.56 received via UPI from Landlord,Rent,Receive
Received ₹4378.28 from TCS,Paycheck,Receive
Debited ₹9732.72 at Electric Board,Utilities,Spend
₹351.6 received via UPI from Wipro,Paycheck,Receive
UPI payment of ₹8033.29 to Landlord,Rent,Spend
Debited ₹9088.07 at Myntra,Shopping,Spend
Paid ₹6227.95 to KFC,Restaurants,Spend
Debited ₹1587.07 at Myntra,Shopping,Spend
₹519.25 received via UPI from Flatmate,Rent,Receive
Debited ₹5423.08 at Flatmate,Rent,Spend
₹5881.25 received via UPI from Flatmate,Rent,Receive
Received ₹1837.17 from Gas Agency,Utilities,Receive
Received ₹3233.09 from Infosys,Paycheck,Receive
Credited ₹1795.22 from Society,Rent,Receive
Received ₹6740.05 from Landlord,Rent,Receive
UPI payment of ₹4262.49 to Electric Board,Utilities,Spend
₹9934.66 received via UPI from Society,Rent,Receive
Debited ₹3287.79 at Flipkart,Shopping,Spend
Credited ₹4215.3 from Infosys,Paycheck,Receive
₹2840.0 received via UPI from Amazon,Shopping,Receive
Debited ₹9985.89 at KFC,Restaurants,Spend
Debited ₹7957.1 at Electric Board,Utilities,Spend
Debited ₹8854.84 at Infosys,Paycheck,Spend
₹8518.01 received via UPI from Domino's,Restaurants,Receive
Received ₹9276.05 from Society,Rent,Receive
Paid ₹8575.31 to Domino's,Restaurants,Spend
Paid ₹6291.23 to Amazon,Shopping,Spend
₹8160.28 received via UPI from Wipro,Paycheck,Receive
Debited ₹6616.64 at Domino's,Restaurants,Spend
Debited ₹456.49 at Infosys,Paycheck,Spend
Debited ₹8702.91 at Flatmate,Rent,Spend
Credited ₹7220.62 from Wipro,Paycheck,Receive
UPI payment of ₹7862.15 to Flatmate,Rent,Spend
UPI payment of ₹5304.28 to Amazon,Shopping,Spend
Debited ₹2864.18 at Swiggy,Restaurants,Spend
Credited ₹1284.21 from KFC,Restaurants,Receive
Received ₹5313.68 from Gas Agency,Utilities,Receive
Credited ₹9582.73 from TCS,Paycheck,Receive
Debited ₹1519.44 at Myntra,Shopping,Spend
UPI payment of ₹7108.16 to Electric Board,Utilities,Spend
₹1660.46 received via UPI from Infosys,Paycheck,Receive
Credited ₹2365.12 from Domino's,Restaurants,Receive
₹6809.46 received via UPI from Society,Rent,Receive
Paid ₹1178.15 to Myntra,Shopping,Spend
Received ₹5900.52 from Water Dept,Utilities,Receive
UPI payment of ₹1176.61 to Infosys,Paycheck,Spend
Debited ₹687.66 at Landlord,Rent,Spend
Debited ₹2395.98 at Landlord,Rent,Spend
₹9712.07 received via UPI from TCS,Paycheck,Receive
Paid ₹4317.41 to Water Dept,Utilities,Spend
₹5508.84 received via UPI from Electric Board,Utilities,Receive
Debited ₹9671.89 at TCS,Paycheck,Spend
₹3152.28 received via UPI from KFC,Restaurants,Receive
₹8932.3 received via UPI from Landlord,Rent,Receive
Paid ₹1900.16 to Water Dept,Utilities,Spend
Debited ₹4685.68 at KFC,Restaurants,Spend
Received ₹6413.5 from Wipro,Paycheck,Receive
Received ₹3697.59 from Amazon,Shopping,Receive
Received ₹5292.83 from Swiggy,Restaurants,Receive
Paid ₹322.46 to Water Dept,Utilities,Spend
UPI payment of ₹1502.81 to TCS,Paycheck,Spend
Received ₹1923.27 from Myntra,Shopping,Receive
UPI payment of ₹3168.18 to Landlord,Rent,Spend
UPI payment of ₹4570.49 to Myntra,Shopping,Spend
Received ₹5605.02 from Infosys,Paycheck,Receive
UPI payment of ₹5280.66 to Myntra,Shopping,Spend
UPI payment of ₹4804.41 to Infosys,Paycheck,Spend
Received ₹5472.66 from TCS,Paycheck,Receive
Credited ₹9194.72 from Gas Agency,Utilities,Receive
Debited ₹3027.76 at Flipkart,Shopping,Spend
Credited ₹3625.09 from Water Dept,Utilities,Receive
Paid ₹4412.17 to Flipkart,Shopping,Spend
Credited ₹4280.34 from Amazon,Shopping,Receive
Paid ₹1909.58 to Amazon,Shopping,Spend
Debited ₹5695.44 at Flatmate,Rent,Spend
Paid ₹7407.16 to Gas Agency,Utilities,Spend
Debited ₹5136.02 at KFC,Restaurants,Spend
Debited ₹1803.26 at Flatmate,Rent,Spend
Received ₹3080.94 from Gas Agency,Utilities,Receive
UPI payment of ₹6754.69 to Flipkart,Shopping,Spend
Paid ₹3630.36 to Water Dept,Utilities,Spend
Debited ₹6905.1 at Swiggy,Restaurants,Spend
Debited ₹683.07 at Landlord,Rent,Spend
Received ₹7911.8 from Flatmate,Rent,Receive
Debited ₹1998.18 at KFC,Restaurants,Spend
Paid ₹4570.53 to Electric Board,Utilities,Spend
UPI payment of ₹4048.55 to Society,Rent,Spend
Credited ₹3335.53 from Amazon,Shopping,Receive
₹9329.9 received via UPI from Domino's,Restaurants,Receive
Debited ₹9196.56 at Domino's,Restaurants,Spend
Debited ₹4006.26 at Swiggy,Restaurants,Spend
Debited ₹2672.24 at Amazon,Shopping,Spend
Paid ₹251.5 to Water Dept,Utilities,Spend
Received ₹2158.24 from Myntra,Shopping,Receive
Debited ₹4642.67 at Gas Agency,Utilities,Spend
Credited ₹9789.2 from Amazon,Shopping,Receive
Received ₹5589.52 from Wipro,Paycheck,Receive
UPI payment of ₹9579.62 to Amazon,Shopping,Spend
Debited ₹9475.59 at Domino's,Restaurants,Spend
Paid ₹9520.4 to Infosys,Paycheck,Spend
₹2900.04 received via UPI from Gas Agency,Utilities,Receive
₹5562.91 received via UPI from Water Dept,Utilities,Receive
Paid ₹9698.34 to TCS,Paycheck,Spend
Paid ₹4005.5 to Water Dept,Utilities,Spend
Debited ₹6202.15 at Infosys,Paycheck,Spend
Credited ₹2644.62 from Flipkart,Shopping,Receive
₹6146.48 received via UPI from Wipro,Paycheck,Receive
UPI payment of ₹4084.57 to Society,Rent,Spend
₹6138.13 received via UPI from Swiggy,Restaurants,Receive
₹3511.04 received via UPI from Gas Agency,Utilities,Receive
Credited ₹3240.91 from Flipkart,Shopping,Receive
UPI payment of ₹7020.05 to Domino's,Restaurants,Spend
₹591.35 received via UPI from Gas Agency,Utilities,Receive
Paid ₹5560.27 to Electric Board,Utilities,Spend
₹1753.81 received via UPI from Swiggy,Restaurants,Receive
Paid ₹1722.87 to Water Dept,Utilities,Spend
₹2628.33 received via UPI from TCS,Paycheck,Receive
UPI payment of ₹1233.12 to Landlord,Rent,Spend
UPI payment of ₹6848.22 to Gas Agency,Utilities,Spend
Received ₹6430.79 from KFC,Restaurants,Receive
₹5472.42 received via UPI from Domino's,Restaurants,Receive
UPI payment of ₹3239.96 to Flatmate,Rent,Spend
Debited ₹673.71 at TCS,Paycheck,Spend
Credited ₹9899.27 from Swiggy,Restaurants,Receive
₹9181.61 received via UPI from Infosys,Paycheck,Receive
Debited ₹9434.72 at TCS,Paycheck,Spend
Received ₹6778.81 from Flipkart,Shopping,Receive
Received ₹7177.39 from Infosys,Paycheck,Receive
₹3370.34 received via UPI from Swiggy,Restaurants,Receive
Debited ₹1394.84 at Water Dept,Utilities,Spend
₹229.09 received via UPI from KFC,Restaurants,Receive
₹6686.2 received via UPI from Infosys,Paycheck,Receive
Paid ₹1949.5 to Infosys,Paycheck,Spend
Paid ₹232.1 to Electric Board,Utilities,Spend
UPI payment of ₹2354.66 to Landlord,Rent,Spend
Debited ₹494.68 at Flipkart,Shopping,Spend
Paid ₹8675.99 to Landlord,Rent,Spend
Credited ₹1565.05 from Wipro,Paycheck,Receive
₹7009.25 received via UPI from Flipkart,Shopping,Receive
Credited ₹4443.71 from Swiggy,Restaurants,Receive
Debited ₹2597.9 at Domino's,Restaurants,Spend
Debited ₹3095.31 at Swiggy,Restaurants,Spend
Debited ₹2706.86 at Flipkart,Shopping,Spend
Received ₹2986.23 from Gas Agency,Utilities,Receive
Debited ₹825.93 at Wipro,Paycheck,Spend
Debited ₹4415.41 at Gas Agency,Utilities,Spend
Debited ₹1106.42 at KFC,Restaurants,Spend
Paid ₹2296.79 to Flipkart,Shopping,Spend
Credited ₹7788.7 from Flatmate,Rent,Receive
UPI payment of ₹9076.16 to Water Dept,Utilities,Spend
Credited ₹809.64 from Gas Agency,Utilities,Receive
UPI payment of ₹9272.26 to Electric Board,Utilities,Spend
Paid ₹9878.88 to Swiggy,Restaurants,Spend
UPI payment of ₹440.84 to TCS,Paycheck,Spend
UPI payment of ₹6102.37 to Flipkart,Shopping,Spend
Received ₹359.17 from Society,Rent,Receive
₹4890.16 received via UPI from Electric Board,Utilities,Receive
₹1656.98 received via UPI from KFC,Restaurants,Receive
UPI payment of ₹6014.84 to Gas Agency,Utilities,Spend
Paid ₹9007.41 to Amazon,Shopping,Spend
UPI payment of ₹3590.74 to Domino's,Restaurants,Spend
Paid ₹5526.9 to Electric Board,Utilities,Spend
UPI payment of ₹7373.79 to Flatmate,Rent,Spend
Credited ₹9393.05 from Flipkart,Shopping,Receive
UPI payment of ₹6840.14 to Swiggy,Restaurants,Spend
Credited ₹5681.39 from Amazon,Shopping,Receive
Credited ₹3676.82 from Amazon,Shopping,Receive
UPI payment of ₹9771.06 to Domino's,Restaurants,Spend
Credited ₹1079.76 from Domino's,Restaurants,Receive
₹5016.35 received via UPI from Wipro,Paycheck,Receive
Received ₹5904.13 from Water Dept,Utilities,Receive
UPI payment of ₹5702.68 to Infosys,Paycheck,Spend
Paid ₹1294.4 to Myntra,Shopping,Spend
Received ₹3289.68 from Electric Board,Utilities,Receive
Credited ₹3977.4 from Infosys,Paycheck,Receive
UPI payment of ₹6654.11 to Swiggy,Restaurants,Spend
Received ₹3612.77 from Society,Rent,Receive
Paid ₹9953.08 to Society,Rent,Spend
Paid ₹5257.49 to Amazon,Shopping,Spend
Credited ₹8915.77 from TCS,Paycheck,Receive
UPI payment of ₹2240.99 to KFC,Restaurants,Spend
Received ₹9329.21 from Society,Rent,Receive
Received ₹6077.3 from Domino's,Restaurants,Receive
Paid ₹1475.62 to Society,Rent,Spend
Paid ₹8688.84 to Water Dept,Utilities,Spend
Debited ₹416.76 at Infosys,Paycheck,Spend
UPI payment of ₹3629.82 to Infosys,Paycheck,Spend
Received ₹5609.71 from Wipro,Paycheck,Receive
Credited ₹9593.03 from KFC,Restaurants,Receive
₹5750.84 received via UPI from Water Dept,Utilities,Receive
Paid ₹8006.38 to Gas Agency,Utilities,Spend
₹3366.03 received via UPI from Society,Rent,Receive
Received ₹5157.17 from TCS,Paycheck,Receive
Credited ₹4493.33 from Landlord,Rent,Receive
₹5258.35 received via UPI from Myntra,Shopping,Receive
Credited ₹9950.22 from Myntra,Shopping,Receive
Debited ₹2575.92 at Flatmate,Rent,Spend
Credited ₹4123.52 from Myntra,Shopping,Receive
Paid ₹4836.15 to Amazon,Shopping,Spend
UPI payment of ₹2068.18 to Wipro,Paycheck,Spend
₹8264.49 received via UPI from Flatmate,Rent,Receive
Credited ₹5444.56 from Electric Board,Utilities,Receive
UPI payment of ₹5519.11 to TCS,Paycheck,Spend
Debited ₹6318.62 at Myntra,Shopping,Spend
Credited ₹9105.47 from Swiggy,Restaurants,Receive
Debited ₹1539.26 at Amazon,Shopping,Spend
Credited ₹5562.82 from TCS,Paycheck,Receive
Paid ₹885.99 to Myntra,Shopping,Spend
₹6242.6 received via UPI from Wipro,Paycheck,Receive
Debited ₹132.24 at Myntra,Shopping,Spend
Debited ₹868.71 at Society,Rent,Spend
Received ₹3740.11 from Amazon,Shopping,Receive
Paid ₹5043.76 to Swiggy,Restaurants,Spend
UPI payment of ₹5370.73 to Myntra,Shopping,Spend
Received ₹4969.75 from Society,Rent,Receive
UPI payment of ₹6506.23 to Flipkart,Shopping,Spend
₹1940.81 received via UPI from Myntra,Shopping,Receive
Paid ₹7263.74 to Water Dept,Utilities,Spend
Credited ₹2081.93 from Landlord,Rent,Receive
UPI payment of ₹9980.77 to Society,Rent,Spend
Credited ₹5617.16 from Flatmate,Rent,Receive
Paid ₹6294.73 to Flatmate,Rent,Spend
₹4123.06 received via UPI from Wipro,Paycheck,Receive
Debited ₹8979.07 at Flatmate,Rent,Spend
UPI payment of ₹277.53 to TCS,Paycheck,Spend
Debited ₹5183.76 at Flatmate,Rent,Spend
UPI payment of ₹5431.51 to Domino's,Restaurants,Spend
₹2996.14 received via UPI from Landlord,Rent,Receive
UPI payment of ₹8521.37 to Flatmate,Rent,Spend
Paid ₹9512.67 to Gas Agency,Utilities,Spend
Received ₹662.14 from Flatmate,Rent,Receive
₹3639.16 received via UPI from Flatmate,Rent,Receive
Paid ₹145.92 to Gas Agency,Utilities,Spend
Debited ₹183.17 at Water Dept,Utilities,Spend
Credited ₹6014.9 from Electric Board,Utilities,Receive
₹2101.76 received via UPI from Electric Board,Utilities,Receive
Received ₹1645.55 from Myntra,Shopping,Receive
₹6115.76 received via UPI from Wipro,Paycheck,Receive
Debited ₹4977.04 at Landlord,Rent,Spend
UPI payment of ₹3592.97 to Flatmate,Rent,Spend
Paid ₹5218.52 to Amazon,Shopping,Spend
UPI payment of ₹8842.48 to Flatmate,Rent,Spend
Paid ₹4345.76 to TCS,Paycheck,Spend
Received ₹1904.81 from Wipro,Paycheck,Receive
₹4721.83 received via UPI from Water Dept,Utilities,Receive
Credited ₹3768.75 from KFC,Restaurants,Receive
Received ₹6485.57 from Myntra,Shopping,Receive
₹1801.94 received via UPI from KFC,Restaurants,Receive
Received ₹788.54 from Landlord,Rent,Receive
Received ₹3594.35 from KFC,Restaurants,Receive
Debited ₹1307.03 at Water Dept,Utilities,Spend
UPI payment of ₹6331.29 to KFC,Restaurants,Spend
Received ₹2101.5 from Swiggy,Restaurants,Receive
Received ₹302.93 from Infosys,Paycheck,Receive
Credited ₹6774.46 from Swiggy,Restaurants,Receive
Credited ₹9700.6 from Society,Rent,Receive
Credited ₹971.09 from Landlord,Rent,Receive
UPI payment of ₹7000.13 to Gas Agency,Utilities,Spend
Received ₹6922.75 from Myntra,Shopping,Receive
₹9596.9 received via UPI from Gas Agency,Utilities,Receive
₹3105.28 received via UPI from Flatmate,Rent,Receive
Paid ₹6430.19 to Flipkart,Shopping,Spend
₹7251.84 received via UPI from Flatmate,Rent,Receive
UPI payment of ₹7067.42 to Swiggy,Restaurants,Spend
Received ₹435.21 from Electric Board,Utilities,Receive
Received ₹166.96 from Society,Rent,Receive
Paid ₹5670.8 to KFC,Restaurants,Spend
₹2464.59 received via UPI from Flipkart,Shopping,Receive
Debited ₹558.94 at Flipkart,Shopping,Spend
₹7491.59 received via UPI from Water Dept,Utilities,Receive
Credited ₹2633.68 from Domino's,Restaurants,Receive
Debited ₹9256.39 at Wipro,Paycheck,Spend
Paid ₹1771.72 to Society,Rent,Spend
Credited ₹7493.68 from Wipro,Paycheck,Receive
Debited ₹7066.77 at Infosys,Paycheck,Spend
UPI payment of ₹1507.68 to Electric Board,Utilities,Spend
Received ₹1010.31 from Amazon,Shopping,Receive
Debited ₹7783.87 at Society,Rent,Spend
Received ₹6286.29 from Landlord,Rent,Receive
UPI payment of ₹3162.81 to Swiggy,Restaurants,Spend
UPI payment of ₹1088.72 to Domino's,Restaurants,Spend
Paid ₹1018.33 to Domino's,Restaurants,Spend
₹5570.79 received via UPI from Flipkart,Shopping,Receive
Credited ₹8011.71 from Society,Rent,Receive
Received ₹3216.31 from TCS,Paycheck,Receive
₹8561.57 received via UPI from Flatmate,Rent,Receive
Received ₹4346.86 from Domino's,Restaurants,Receive
UPI payment of ₹5989.55 to Swiggy,Restaurants,Spend
Debited ₹2529.49 at Landlord,Rent,Spend
₹1864.77 received via UPI from Electric Board,Utilities,Receive
Debited ₹7943.26 at Society,Rent,Spend
Received ₹505.45 from Domino's,Restaurants,Receive
Received ₹9830.51 from Wipro,Paycheck,Receive
₹9699.04 received via UPI from Swiggy,Restaurants,Receive
Paid ₹1180.27 to Landlord,Rent,Spend
UPI payment of ₹5495.88 to Infosys,Paycheck,Spend
Paid ₹2899.24 to Swiggy,Restaurants,Spend
Paid ₹6236.97 to TCS,Paycheck,Spend
Credited ₹7809.79 from Amazon,Shopping,Receive
Received ₹9903.72 from Society,Rent,Receive
Received ₹3477.09 from Gas Agency,Utilities,Receive
UPI payment of ₹9995.97 to KFC,Restaurants,Spend
₹4553.17 received via UPI from Landlord,Rent,Receive
Credited ₹7437.32 from Water Dept,Utilities,Receive
Debited ₹6680.66 at Swiggy,Restaurants,Spend
₹813.89 received via UPI from Swiggy,Restaurants,Receive
UPI payment of ₹1509.0 to KFC,Restaurants,Spend
Paid ₹2131.02 to Infosys,Paycheck,Spend
Paid ₹2277.63 to Society,Rent,Spend
₹3631.99 received via UPI from Myntra,Shopping,Receive
Received ₹4276.18 from Swiggy,Restaurants,Receive
Debited ₹9336.63 at Landlord,Rent,Spend
Received ₹6015.68 from Wipro,Paycheck,Receive
Credited ₹2668.38 from Electric Board,Utilities,Receive
UPI payment of ₹3839.17 to Flatmate,Rent,Spend
Paid ₹9650.45 to Infosys,Paycheck,Spend
Received ₹5585.9 from Wipro,Paycheck,Receive
₹8672.27 received via UPI from KFC,Restaurants,Receive
₹6866.92 received via UPI from Amazon,Shopping,Receive
Paid ₹8187.34 to Electric Board,Utilities,Spend
Received ₹5423.3 from Myntra,Shopping,Receive
₹2211.27 received via UPI from Swiggy,Restaurants,Receive
Debited ₹7598.54 at Domino's,Restaurants,Spend
Debited ₹2945.63 at Domino's,Restaurants,Spend
Credited ₹2582.55 from Electric Board,Utilities,Receive
Debited ₹1680.65 at Flatmate,Rent,Spend
Received ₹7483.66 from Flatmate,Rent,Receive
Paid ₹8149.75 to Gas Agency,Utilities,Spend
Received ₹8644.68 from Flatmate,Rent,Receive
Paid ₹2774.42 to Electric Board,Utilities,Spend
Paid ₹8867.79 to Swiggy,Restaurants,Spend
Debited ₹7366.06 at Myntra,Shopping,Spend
Received ₹4399.94 from Infosys,Paycheck,Receive
Received ₹6284.89 from Swiggy,Restaurants,Receive
Debited ₹4614.01 at TCS,Paycheck,Spend
Received ₹1986.16 from Myntra,Shopping,Receive
Paid ₹8191.12 to Flatmate,Rent,Spend
Credited ₹8984.66 from Myntra,Shopping,Receive
₹7259.49 received via UPI from Flipkart,Shopping,Receive
Received ₹8036.71 from Amazon,Shopping,Receive
UPI payment of ₹5508.0 to Gas Agency,Utilities,Spend
Debited ₹6232.51 at Flipkart,Shopping,Spend
₹1303.08 received via UPI from Flipkart,Shopping,Receive
Debited ₹6181.06 at Society,Rent,Spend
Received ₹768.6 from Amazon,Shopping,Receive
Received ₹8061.77 from Gas Agency,Utilities,Receive
₹8837.26 received via UPI from Water Dept,Utilities,Receive
Paid ₹1634.78 to Wipro,Paycheck,Spend
Paid ₹3059.67 to Amazon,Shopping,Spend
UPI payment of ₹2832.98 to Landlord,Rent,Spend
Received ₹9502.98 from Electric Board,Utilities,Receive
Debited ₹2690.36 at Infosys,Paycheck,Spend
Credited ₹7625.54 from Infosys,Paycheck,Receive
Debited ₹6304.01 at TCS,Paycheck,Spend
Debited ₹2112.63 at Infosys,Paycheck,Spend
UPI payment of ₹6525.7 to Wipro,Paycheck,Spend
Credited ₹9905.14 from Flatmate,Rent,Receive
UPI payment of ₹7290.04 to Wipro,Paycheck,Spend
Credited ₹7096.81 from Flipkart,Shopping,Receive
₹3095.99 received via UPI from KFC,Restaurants,Receive
Paid ₹9442.5 to Domino's,Restaurants,Spend
UPI payment of ₹4926.84 to KFC,Restaurants,Spend
Paid ₹4292.19 to Gas Agency,Utilities,Spend
₹1408.67 received via UPI from Society,Rent,Receive
Credited ₹1426.47 from Society,Rent,Receive
Debited ₹857.2 at Swiggy,Restaurants,Spend
Debited ₹140.12 at Flipkart,Shopping,Spend
UPI payment of ₹784.59 to Flipkart,Shopping,Spend
Received ₹9554.02 from Landlord,Rent,Receive
₹349.9 received via UPI from Landlord,Rent,Receive
Credited ₹7751.86 from Flatmate,Rent,Receive
Paid ₹8885.85 to Domino's,Restaurants,Spend
Credited ₹6061.09 from Water Dept,Utilities,Receive
Paid ₹8387.52 to Flatmate,Rent,Spend
Received ₹2221.71 from Swiggy,Restaurants,Receive
Paid ₹2062.9 to Landlord,Rent,Spend
Debited ₹874.93 at Flipkart,Shopping,Spend
Credited ₹256.85 from Amazon,Shopping,Receive
Received ₹3478.19 from KFC,Restaurants,Receive
Received ₹7611.11 from Wipro,Paycheck,Receive
Paid ₹4138.71 to Infosys,Paycheck,Spend
Credited ₹6374.93 from Swiggy,Restaurants,Receive
₹5784.84 received via UPI from Landlord,Rent,Receive
UPI payment of ₹6313.71 to Infosys,Paycheck,Spend
₹4421.9 received via UPI from TCS,Paycheck,Receive
₹7917.2 received via UPI from Gas Agency,Utilities,Receive
Credited ₹6303.48 from Swiggy,Restaurants,Receive
Paid ₹6080.18 to Domino's,Restaurants,Spend
₹627.82 received via UPI from TCS,Paycheck,Receive
Paid ₹7190.07 to Amazon,Shopping,Spend
UPI payment of ₹9389.83 to Infosys,Paycheck,Spend
₹3593.02 received via UPI from Amazon,Shopping,Receive
UPI payment of ₹1768.69 to KFC,Restaurants,Spend
Credited ₹5508.83 from Swiggy,Restaurants,Receive
UPI payment of ₹2888.91 to Gas Agency,Utilities,Spend
Credited ₹9150.43 from Infosys,Paycheck,Receive
UPI payment of ₹4470.83 to Domino's,Restaurants,Spend
Received ₹6076.36 from Society,Rent,Receive
UPI payment of ₹2710.9 to Water Dept,Utilities,Spend
Paid ₹8515.43 to Landlord,Rent,Spend
Debited ₹9951.81 at Electric Board,Utilities,Spend
UPI payment of ₹9423.99 to Wipro,Paycheck,Spend
Credited ₹1043.78 from Electric Board,Utilities,Receive
Received ₹4267.95 from KFC,Restaurants,Receive
₹6690.36 received via UPI from Flatmate,Rent,Receive
Debited ₹9770.03 at Water Dept,Utilities,Spend
Received ₹1161.34 from KFC,Restaurants,Receive
₹9637.09 received via UPI from Wipro,Paycheck,Receive
UPI payment of ₹9808.63 to Infosys,Paycheck,Spend
Received ₹8148.05 from Wipro,Paycheck,Receive
Debited ₹3116.42 at Domino's,Restaurants,Spend
₹8660.6 received via UPI from Myntra,Shopping,Receive
₹6163.79 received via UPI from Gas Agency,Utilities,Receive
₹3102.73 received via UPI from Society,Rent,Receive
Received ₹2092.47 from Wipro,Paycheck,Receive
Credited ₹3725.74 from Infosys,Paycheck,Receive
₹9135.28 received via UPI from Myntra,Shopping,Receive
Paid ₹1377.8 to Gas Agency,Utilities,Spend
Paid ₹162.15 to Domino's,Restaurants,Spend
Paid ₹7759.72 to Electric Board,Utilities,Spend
UPI payment of ₹2567.73 to Electric Board,Utilities,Spend
Paid ₹9878.85 to Domino's,Restaurants,Spend
Debited ₹8978.08 at Landlord,Rent,Spend
Received ₹6776.19 from Myntra,Shopping,Receive
Paid ₹4149.63 to TCS,Paycheck,Spend
UPI payment of ₹6389.54 to Amazon,Shopping,Spend
Debited ₹6775.36 at Domino's,Restaurants,Spend
Paid ₹2402.73 to Gas Agency,Utilities,Spend
Received ₹6181.06 from Water Dept,Utilities,Receive
Credited ₹3397.78 from KFC,Restaurants,Receive
₹1264.06 received via UPI from Landlord,Rent,Receive
Debited ₹884.55 at Wipro,Paycheck,Spend
UPI payment of ₹6312.33 to Flatmate,Rent,Spend
₹7725.78 received via UPI from Gas Agency,Utilities,Receive
Debited ₹5365.11 at Gas Agency,Utilities,Spend
Received ₹8151.33 from Electric Board,Utilities,Receive
Received ₹1512.37 from Electric Board,Utilities,Receive
Credited ₹4631.16 from Gas Agency,Utilities,Receive
Credited ₹8104.04 from Amazon,Shopping,Receive
₹7469.8 received via UPI from Landlord,Rent,Receive
UPI payment of ₹6861.15 to Society,Rent,Spend
UPI payment of ₹5173.09 to Swiggy,Restaurants,Spend
Paid ₹3860.79 to Amazon,Shopping,Spend
₹6815.55 received via UPI from Infosys,Paycheck,Receive
Received ₹6120.97 from TCS,Paycheck,Receive
₹6810.69 received via UPI from Electric Board,Utilities,Receive
Paid ₹1214.66 to Flatmate,Rent,Spend
Debited ₹6050.4 at Society,Rent,Spend
₹3722.44 received via UPI from Flipkart,Shopping,Receive
Received ₹8430.99 from Amazon,Shopping,Receive
Credited ₹3506.97 from Flipkart,Shopping,Receive
UPI payment of ₹3497.74 to Water Dept,Utilities,Spend
Credited ₹6815.29 from Wipro,Paycheck,Receive
Paid ₹3622.37 to Amazon,Shopping,Spend
Paid ₹7113.85 to Myntra,Shopping,Spend
UPI payment of ₹8227.04 to Infosys,Paycheck,Spend
Paid ₹1906.83 to Swiggy,Restaurants,Spend
₹5814.96 received via UPI from Flipkart,Shopping,Receive
Debited ₹5980.95 at Gas Agency,Utilities,Spend
₹8554.77 received via UPI from Society,Rent,Receive
UPI payment of ₹7552.22 to Myntra,Shopping,Spend
UPI payment of ₹468.17 to Flatmate,Rent,Spend
Paid ₹404.81 to Myntra,Shopping,Spend
Credited ₹9332.2 from TCS,Paycheck,Receive
Debited ₹1266.76 at TCS,Paycheck,Spend
Credited ₹4635.26 from Infosys,Paycheck,Receive
UPI payment of ₹6488.17 to Society,Rent,Spend
₹2900.44 received via UPI from Water Dept,Utilities,Receive
UPI payment of ₹9895.24 to Myntra,Shopping,Spend
UPI payment of ₹5639.5 to TCS,Paycheck,Spend
Received ₹5944.57 from Domino's,Restaurants,Receive
Paid ₹7249.64 to Society,Rent,Spend
₹6027.46 received via UPI from Myntra,Shopping,Receive
Paid ₹182.41 to Landlord,Rent,Spend
Debited ₹8901.92 at Electric Board,Utilities,Spend
UPI payment of ₹6762.81 to TCS,Paycheck,Spend
Paid ₹9974.42 to Wipro,Paycheck,Spend
Received ₹9662.69 from Gas Agency,Utilities,Receive
Debited ₹1078.32 at Landlord,Rent,Spend
Paid ₹4168.96 to Water Dept,Utilities,Spend
Paid ₹3689.08 to Society,Rent,Spend
Received ₹4458.47 from Gas Agency,Utilities,Receive
₹679.77 received via UPI from Flipkart,Shopping,Receive
Paid ₹3192.9 to Gas Agency,Utilities,Spend
₹260.04 received via UPI from KFC,Restaurants,Receive
Debited ₹8135.21 at TCS,Paycheck,Spend
Debited ₹4853.58 at Myntra,Shopping,Spend
₹830.55 received via UPI from Amazon,Shopping,Receive
UPI payment of ₹3502.26 to Flipkart,Shopping,Spend
Debited ₹3687.67 at Landlord,Rent,Spend
Received ₹2396.43 from Wipro,Paycheck,Receive
Credited ₹3591.4 from Domino's,Restaurants,Receive
Received ₹7854.78 from Domino's,Restaurants,Receive
Paid ₹2280.72 to Society,Rent,Spend
UPI payment of ₹5604.4 to Myntra,Shopping,Spend
Received ₹531.99 from Gas Agency,Utilities,Receive
Received ₹3846.12 from Flatmate,Rent,Receive
Debited ₹1871.86 at Domino's,Restaurants,Spend
UPI payment of ₹4387.7 to Swiggy,Restaurants,Spend
Received ₹9044.74 from Electric Board,Utilities,Receive
₹7946.89 received via UPI from Myntra,Shopping,Receive
Debited ₹8754.76 at Swiggy,Restaurants,Spend
Paid ₹6011.32 to Electric Board,Utilities,Spend
Paid ₹1808.52 to Amazon,Shopping,Spend
Paid ₹5477.53 to Amazon,Shopping,Spend
Paid ₹7967.06 to TCS,Paycheck,Spend
Received ₹5800.46 from Gas Agency,Utilities,Receive
Paid ₹7736.8 to Water Dept,Utilities,Spend
Debited ₹4348.21 at Myntra,Shopping,Spend
Debited ₹1591.21 at Wipro,Paycheck,Spend
Credited ₹1136.33 from Domino's,Restaurants,Receive
Received ₹2193.57 from Infosys,Paycheck,Receive
Paid ₹1846.33 to Domino's,Restaurants,Spend
Paid ₹1818.55 to Wipro,Paycheck,Spend
Received ₹8431.77 from Flipkart,Shopping,Receive
Debited ₹3458.37 at Society,Rent,Spend
Debited ₹3313.98 at Water Dept,Utilities,Spend
₹3722.48 received via UPI from Flipkart,Shopping,Receive
Paid ₹1505.73 to Domino's,Restaurants,Spend
Credited ₹7952.1 from Flatmate,Rent,Receive
Credited ₹5365.74 from Electric Board,Utilities,Receive
Paid ₹9526.6 to Infosys,Paycheck,Spend
₹1394.58 received via UPI from Gas Agency,Utilities,Receive
Credited ₹732.35 from Swiggy,Restaurants,Receive
₹2698.65 received via UPI from Amazon,Shopping,Receive
Paid ₹1117.51 to Wipro,Paycheck,Spend
UPI payment of ₹1505.14 to Domino's,Restaurants,Spend
Debited ₹6642.84 at Flatmate,Rent,Spend
Paid ₹5520.06 to KFC,Restaurants,Spend
Credited ₹4345.38 from Domino's,Restaurants,Receive
UPI payment of ₹1041.66 to Swiggy,Restaurants,Spend
Debited ₹2684.79 at Amazon,Shopping,Spend
Debited ₹3985.38 at Amazon,Shopping,Spend
Received ₹1184.37 from Amazon,Shopping,Receive
Credited ₹4452.47 from Amazon,Shopping,Receive
Paid ₹7866.07 to Myntra,Shopping,Spend
Debited ₹5717.75 at Society,Rent,Spend
Credited ₹6196.76 from Electric Board,Utilities,Receive
Debited ₹6668.81 at Wipro,Paycheck,Spend
Paid ₹5356.78 to Gas Agency,Utilities,Spend
Debited ₹1109.27 at Amazon,Shopping,Spend
Received ₹4291.77 from Swiggy,Restaurants,Receive
Credited ₹4349.25 from TCS,Paycheck,Receive
₹2168.04 received via UPI from Flipkart,Shopping,Receive
Received ₹3208.54 from Society,Rent,Receive
Paid ₹8253.42 to Landlord,Rent,Spend
₹2749.54 received via UPI from Water Dept,Utilities,Receive
₹4670.52 received via UPI from Gas Agency,Utilities,Receive
Debited ₹2518.31 at Wipro,Paycheck,Spend
UPI payment of ₹6787.23 to Wipro,Paycheck,Spend
Debited ₹3422.77 at Amazon,Shopping,Spend
₹1467.62 received via UPI from KFC,Restaurants,Receive
Credited ₹571.79 from Flatmate,Rent,Receive
UPI payment of ₹7706.72 to Flipkart,Shopping,Spend
Paid ₹2127.77 to Myntra,Shopping,Spend
₹7069.45 received via UPI from Flipkart,Shopping,Receive
Received ₹3241.79 from Amazon,Shopping,Receive
Received ₹3673.53 from TCS,Paycheck,Receive
Received ₹2333.45 from Water Dept,Utilities,Receive
₹116.99 received via UPI from Flipkart,Shopping,Receive
Debited ₹7597.57 at TCS,Paycheck,Spend
₹5301.43 received via UPI from Infosys,Paycheck,Receive
Debited ₹9020.78 at Wipro,Paycheck,Spend
₹3330.3 received via UPI from Domino's,Restaurants,Receive
UPI payment of ₹3074.38 to Wipro,Paycheck,Spend
Received ₹8701.81 from Gas Agency,Utilities,Receive
UPI payment of ₹122.17 to Myntra,Shopping,Spend
Credited ₹8346.39 from Society,Rent,Receive
₹7770.83 received via UPI from Electric Board,Utilities,Receive
UPI payment of ₹635.31 to KFC,Restaurants,Spend
Debited ₹3560.05 at Wipro,Paycheck,Spend
₹7440.19 received via UPI from Water Dept,Utilities,Receive
₹8522.29 received via UPI from Wipro,Paycheck,Receive
₹3800.78 received via UPI from Domino's,Restaurants,Receive
₹4855.3 received via UPI from Flipkart,Shopping,Receive
Debited ₹9396.46 at Domino's,Restaurants,Spend
Credited ₹8061.91 from Domino's,Restaurants,Receive
₹5251.42 received via UPI from Amazon,Shopping,Receive
₹9605.13 received via UPI from Myntra,Shopping,Receive
UPI payment of ₹1281.37 to Wipro,Paycheck,Spend
Debited ₹7351.74 at Wipro,Paycheck,Spend
Debited ₹5862.75 at Myntra,Shopping,Spend
₹5390.05 received via UPI from KFC,Restaurants,Receive
UPI payment of ₹2141.89 to Water Dept,Utilities,Spend
₹6172.76 received via UPI from Landlord,Rent,Receive
Debited ₹8518.93 at Water Dept,Utilities,Spend
Debited ₹1898.17 at KFC,Restaurants,Spend
Credited ₹8507.58 from Swiggy,Restaurants,Receive
₹4695.66 received via UPI from Flatmate,Rent,Receive
₹3204.53 received via UPI from Myntra,Shopping,Receive
Debited ₹9428.58 at Water Dept,Utilities,Spend
₹8262.02 received via UPI from Myntra,Shopping,Receive
Credited ₹7012.58 from Swiggy,Restaurants,Receive
₹582.93 received via UPI from TCS,Paycheck,Receive
UPI payment of ₹671.97 to Wipro,Paycheck,Spend
UPI payment of ₹3422.61 to Flipkart,Shopping,Spend
Debited ₹5656.06 at Landlord,Rent,Spend
UPI payment of ₹9750.29 to KFC,Restaurants,Spend
Debited ₹9236.25 at Electric Board,Utilities,Spend
Credited ₹6569.22 from KFC,Restaurants,Receive
UPI payment of ₹1551.26 to KFC,Restaurants,Spend
Paid ₹5868.39 to Infosys,Paycheck,Spend
Credited ₹1124.15 from Swiggy,Restaurants,Receive
Debited ₹6835.79 at Infosys,Paycheck,Spend
Paid ₹3666.32 to Electric Board,Utilities,Spend
Paid ₹9907.99 to Myntra,Shopping,Spend
UPI payment of ₹1363.55 to Water Dept,Utilities,Spend
Received ₹5832.53 from Gas Agency,Utilities,Receive
UPI payment of ₹5055.21 to KFC,Restaurants,Spend
Debited ₹9421.32 at Myntra,Shopping,Spend
Credited ₹4144.23 from Society,Rent,Receive
Paid ₹7307.42 to Swiggy,Restaurants,Spend
Credited ₹9776.67 from Gas Agency,Utilities,Receive
UPI payment of ₹3241.15 to Flipkart,Shopping,Spend
₹8576.59 received via UPI from Domino's,Restaurants,Receive
Paid ₹2997.64 to Wipro,Paycheck,Spend
Paid ₹3268.94 to Swiggy,Restaurants,Spend
Debited ₹7727.7 at Wipro,Paycheck,Spend
Debited ₹6739.06 at Water Dept,Utilities,Spend
Credited ₹1496.7 from Wipro,Paycheck,Receive
Paid ₹4548.52 to Infosys,Paycheck,Spend
₹9809.81 received via UPI from Water Dept,Utilities,Receive
₹8415.61 received via UPI from Flipkart,Shopping,Receive
Received ₹2189.89 from Flatmate,Rent,Receive
Paid ₹9844.24 to Wipro,Paycheck,Spend
₹4039.25 received via UPI from Swiggy,Restaurants,Receive
Received ₹4394.81 from Domino's,Restaurants,Receive
Received ₹577.61 from Landlord,Rent,Receive
Credited ₹846.97 from Water Dept,Utilities,Receive
Received ₹5124.13 from Wipro,Paycheck,Receive
Received ₹8279.14 from Myntra,Shopping,Receive
Debited ₹998.9 at Gas Agency,Utilities,Spend
UPI payment of ₹4897.78 to Wipro,Paycheck,Spend
Paid ₹2241.66 to Landlord,Rent,Spend
Debited ₹660.1 at Swiggy,Restaurants,Spend
Credited ₹8169.49 from TCS,Paycheck,Receive
Received ₹3524.88 from Wipro,Paycheck,Receive
Debited ₹2090.07 at Gas Agency,Utilities,Spend
Credited ₹6262.32 from Landlord,Rent,Receive
₹9131.83 received via UPI from Electric Board,Utilities,Receive
Debited ₹7434.57 at Wipro,Paycheck,Spend
Credited ₹5953.98 from TCS,Paycheck,Receive
Received ₹5639.24 from Gas Agency,Utilities,Receive
Paid ₹3125.41 to Infosys,Paycheck,Spend
Received ₹1666.29 from TCS,Paycheck,Receive
Credited ₹9624.07 from Society,Rent,Receive
Paid ₹9090.73 to Swiggy,Restaurants,Spend
Credited ₹1718.01 from Electric Board,Utilities,Receive
Debited ₹3552.74 at Wipro,Paycheck,Spend
Debited ₹898.11 at Flipkart,Shopping,Spend
Received ₹2345.8 from TCS,Paycheck,Receive
Debited ₹9797.58 at Flatmate,Rent,Spend
Received ₹7874.91 from Swiggy,Restaurants,Receive
Debited ₹6713.93 at TCS,Paycheck,Spend
₹8222.94 received via UPI from Infosys,Paycheck,Receive
UPI payment of ₹4856.41 to Domino's,Restaurants,Spend
Received ₹9506.91 from TCS,Paycheck,Receive
UPI payment of ₹2499.8 to Domino's,Restaurants,Spend
Received ₹5678.13 from Gas Agency,Utilities,Receive
Debited ₹5426.6 at Swiggy,Restaurants,Spend
Paid ₹7923.81 to Myntra,Shopping,Spend
Debited ₹5655.9 at Amazon,Shopping,Spend
Paid ₹1093.92 to Landlord,Rent,Spend
₹8334.98 received via UPI from TCS,Paycheck,Receive
Paid ₹4071.58 to Flipkart,Shopping,Spend
Received ₹4132.1 from Amazon,Shopping,Receive
Debited ₹7598.28 at Infosys,Paycheck,Spend
Received ₹2449.93 from Infosys,Paycheck,Receive
₹3052.78 received via UPI from KFC,Restaurants,Receive
Debited ₹6519.24 at Amazon,Shopping,Spend
₹6199.4 received via UPI from Water Dept,Utilities,Receive
₹7239.26 received via UPI from Myntra,Shopping,Receive
₹5280.4 received via UPI from Amazon,Shopping,Receive
Received ₹4043.61 from Domino's,Restaurants,Receive
Received ₹4677.91 from Water Dept,Utilities,Receive
Debited ₹8985.05 at Flipkart,Shopping,Spend
₹9800.06 received via UPI from Electric Board,Utilities,Receive
UPI payment of ₹3701.4 to Infosys,Paycheck,Spend
₹8254.59 received via UPI from Amazon,Shopping,Receive
₹7761.13 received via UPI from Water Dept,Utilities,Receive
₹3420.78 received via UPI from TCS,Paycheck,Receive
Credited ₹1089.35 from TCS,Paycheck,Receive
Credited ₹5135.91 from TCS,Paycheck,Receive
₹6055.52 received via UPI from Domino's,Restaurants,Receive
Debited ₹9745.89 at Myntra,Shopping,Spend
Received ₹2379.54 from Swiggy,Restaurants,Receive
UPI payment of ₹9322.08 to Electric Board,Utilities,Spend
₹5508.38 received via UPI from Society,Rent,Receive
₹4819.73 received via UPI from Electric Board,Utilities,Receive
Debited ₹9550.1 at Wipro,Paycheck,Spend
UPI payment of ₹9266.4 to TCS,Paycheck,Spend
Paid ₹3310.07 to Society,Rent,Spend
Debited ₹7846.82 at KFC,Restaurants,Spend
Credited ₹9934.73 from Electric Board,Utilities,Receive
Debited ₹6448.88 at Infosys,Paycheck,Spend
Received ₹9764.94 from Gas Agency,Utilities,Receive
Debited ₹7494.33 at Flipkart,Shopping,Spend
₹3647.41 received via UPI from Flipkart,Shopping,Receive
Credited ₹2299.22 from Gas Agency,Utilities,Receive
UPI payment of ₹2341.8 to KFC,Restaurants,Spend
Credited ₹3566.43 from Gas Agency,Utilities,Receive
Received ₹4472.16 from Gas Agency,Utilities,Receive
Credited ₹1505.09 from Flatmate,Rent,Receive
₹7017.85 received via UPI from TCS,Paycheck,Receive
₹4081.69 received via UPI from Gas Agency,Utilities,Receive
Debited ₹4154.39 at Wipro,Paycheck,Spend
Paid ₹836.15 to Water Dept,Utilities,Spend
Paid ₹181.55 to KFC,Restaurants,Spend
Debited ₹2319.49 at Flipkart,Shopping,Spend
Debited ₹8025.28 at KFC,Restaurants,Spend
Paid ₹1102.05 to Electric Board,Utilities,Spend
₹9058.75 received via UPI from Swiggy,Restaurants,Receive
Received ₹7683.4 from Swiggy,Restaurants,Receive
UPI payment of ₹2236.06 to Society,Rent,Spend
UPI payment of ₹5682.58 to KFC,Restaurants,Spend
Credited ₹3473.18 from TCS,Paycheck,Receive
₹4449.45 received via UPI from Flatmate,Rent,Receive
Paid ₹8971.48 to Domino's,Restaurants,Spend
Paid ₹4862.68 to Flatmate,Rent,Spend
UPI payment of ₹3531.13 to Gas Agency,Utilities,Spend
₹3989.44 received via UPI from Society,Rent,Receive
₹112.44 received via UPI from Flatmate,Rent,Receive
Received ₹9173.35 from Domino's,Restaurants,Receive
Paid ₹9285.03 to Swiggy,Restaurants,Spend
Credited ₹624.19 from Swiggy,Restaurants,Receive
Paid ₹7287.93 to Swiggy,Restaurants,Spend
Paid ₹625.41 to Gas Agency,Utilities,Spend
Debited ₹4001.72 at Society,Rent,Spend
Credited ₹3670.09 from Society,Rent,Receive
UPI payment of ₹630.05 to Infosys,Paycheck,Spend
UPI payment of ₹2002.71 to Society,Rent,Spend
Paid ₹4945.57 to Electric Board,Utilities,Spend
Received ₹7188.38 from Myntra,Shopping,Receive
Received ₹9560.31 from TCS,Paycheck,Receive
Received ₹1599.08 from Water Dept,Utilities,Receive
Paid ₹4343.29 to Society,Rent,Spend
Paid ₹5462.97 to Myntra,Shopping,Spend
UPI payment of ₹5450.66 to KFC,Restaurants,Spend
Received ₹951.66 from Domino's,Restaurants,Receive
₹624.06 received via UPI from Electric Board,Utilities,Receive
Received ₹5354.0 from Gas Agency,Utilities,Receive
₹891.68 received via UPI from Electric Board,Utilities,Receive
Credited ₹8596.76 from TCS,Paycheck,Receive
Debited ₹3853.52 at Water Dept,Utilities,Spend
Paid ₹5211.55 to Swiggy,Restaurants,Spend
Received ₹5169.48 from Myntra,Shopping,Receive
Credited ₹2979.09 from Domino's,Restaurants,Receive
Debited ₹3009.96 at Electric Board,Utilities,Spend
Debited ₹9198.91 at Gas Agency,Utilities,Spend
Received ₹7952.69 from Water Dept,Utilities,Receive
Paid ₹756.93 to Water Dept,Utilities,Spend
Paid ₹942.39 to Water Dept,Utilities,Spend
Paid ₹9845.34 to TCS,Paycheck,Spend
Debited ₹1673.75 at Domino's,Restaurants,Spend
Received ₹1102.26 from Myntra,Shopping,Receive
UPI payment of ₹7154.91 to Flatmate,Rent,Spend
Debited ₹1613.68 at Domino's,Restaurants,Spend
Credited ₹3398.14 from Amazon,Shopping,Receive
Debited ₹3385.42 at KFC,Restaurants,Spend
UPI payment of ₹1515.97 to Wipro,Paycheck,Spend
₹4240.55 received via UPI from Landlord,Rent,Receive
Paid ₹9641.42 to Myntra,Shopping,Spend
Paid ₹2405.39 to Infosys,Paycheck,Spend
Paid ₹6569.54 to Electric Board,Utilities,Spend
Credited ₹6619.79 from Electric Board,Utilities,Receive
Received ₹6840.78 from Infosys,Paycheck,Receive
Paid ₹7578.25 to Wipro,Paycheck,Spend
Received ₹4634.43 from Wipro,Paycheck,Receive
UPI payment of ₹5677.54 to Landlord,Rent,Spend
Received ₹6149.79 from KFC,Restaurants,Receive
₹4112.85 received via UPI from Amazon,Shopping,Receive
Debited ₹6664.93 at Wipro,Paycheck,Spend
₹3353.01 received via UPI from Electric Board,Utilities,Receive
Paid ₹614.15 to Domino's,Restaurants,Spend
Received ₹501.15 from TCS,Paycheck,Receive
Credited ₹4669.93 from Infosys,Paycheck,Receive
Credited ₹3713.0 from Gas Agency,Utilities,Receive
Debited ₹1124.29 at Wipro,Paycheck,Spend
Paid ₹8642.58 to Swiggy,Restaurants,Spend
Received ₹2611.87 from KFC,Restaurants,Receive
Debited ₹8648.85 at Flipkart,Shopping,Spend
Received ₹166.79 from Myntra,Shopping,Receive
Debited ₹7436.12 at TCS,Paycheck,Spend
Debited ₹6606.37 at Infosys,Paycheck,Spend
UPI payment of ₹6385.85 to Swiggy,Restaurants,Spend
Debited ₹2048.52 at Flatmate,Rent,Spend
Paid ₹6906.63 to Water Dept,Utilities,Spend
UPI payment of ₹2287.09 to Myntra,Shopping,Spend
₹6753.97 received via UPI from Wipro,Paycheck,Receive
Credited ₹9115.83 from Domino's,Restaurants,Receive
Paid ₹6430.66 to Landlord,Rent,Spend
UPI payment of ₹8222.89 to Infosys,Paycheck,Spend
UPI payment of ₹3228.55 to Electric Board,Utilities,Spend
Received ₹602.26 from KFC,Restaurants,Receive
₹4271.79 received via UPI from Swiggy,Restaurants,Receive
Received ₹1289.66 from Water Dept,Utilities,Receive
Debited ₹1378.31 at Water Dept,Utilities,Spend
UPI payment of ₹7183.19 to Wipro,Paycheck,Spend
UPI payment of ₹6283.66 to Society,Rent,Spend
Credited ₹8942.04 from Flatmate,Rent,Receive
Paid ₹3905.74 to Amazon,Shopping,Spend
Paid ₹8566.28 to Society,Rent,Spend
UPI payment of ₹7997.82 to TCS,Paycheck,Spend
Paid ₹6374.52 to Flipkart,Shopping,Spend
Paid ₹7045.89 to Water Dept,Utilities,Spend
Credited ₹2372.6 from Society,Rent,Receive
Credited ₹5728.15 from Wipro,Paycheck,Receive
UPI payment of ₹2787.08 to Landlord,Rent,Spend
Debited ₹3107.75 at Society,Rent,Spend
UPI payment of ₹7597.54 to Infosys,Paycheck,Spend
Received ₹1755.27 from Swiggy,Restaurants,Receive
Debited ₹5499.8 at Landlord,Rent,Spend
Paid ₹6073.16 to TCS,Paycheck,Spend
Received ₹1091.1 from Wipro,Paycheck,Receive
Credited ₹2169.99 from Gas Agency,Utilities,Receive
Debited ₹8480.31 at Myntra,Shopping,Spend
Paid ₹8116.98 to Gas Agency,Utilities,Spend
Received ₹6625.21 from Domino's,Restaurants,Receive
₹5555.29 received via UPI from Amazon,Shopping,Receive
Credited ₹5727.63 from Domino's,Restaurants,Receive
Paid ₹8229.67 to TCS,Paycheck,Spend
Debited ₹3958.1 at TCS,Paycheck,Spend
Credited ₹561.24 from Swiggy,Restaurants,Receive
Paid ₹887.27 to Swiggy,Restaurants,Spend
Debited ₹752.88 at Society,Rent,Spend
₹5710.21 received via UPI from Domino's,Restaurants,Receive
₹2434.96 received via UPI from Electric Board,Utilities,Receive
UPI payment of ₹4565.26 to Amazon,Shopping,Spend
Paid ₹8043.62 to KFC,Restaurants,Spend
Paid ₹6291.45 to Myntra,Shopping,Spend
Debited ₹7335.41 at Amazon,Shopping,Spend
₹7108.81 received via UPI from Amazon,Shopping,Receive
Debited ₹8901.26 at Electric Board,Utilities,Spend
Credited ₹4454.63 from TCS,Paycheck,Receive
UPI payment of ₹3545.71 to Flipkart,Shopping,Spend
Credited ₹5004.37 from Myntra,Shopping,Receive
Debited ₹7826.54 at Landlord,Rent,Spend
Paid ₹2026.42 to Domino's,Restaurants,Spend
Debited ₹3268.78 at Flipkart,Shopping,Spend
Received ₹8839.42 from Landlord,Rent,Receive
₹8428.41 received via UPI from Water Dept,Utilities,Receive
Credited ₹7298.39 from Water Dept,Utilities,Receive
UPI payment of ₹2764.72 to TCS,Paycheck,Spend
Paid ₹4921.27 to Swiggy,Restaurants,Spend
Paid ₹8722.25 to Myntra,Shopping,Spend
UPI payment of ₹7535.44 to Amazon,Shopping,Spend
Credited ₹2609.4 from Society,Rent,Receive
UPI payment of ₹4012.19 to Society,Rent,Spend
Debited ₹1090.05 at Electric Board,Utilities,Spend
Debited ₹9502.7 at TCS,Paycheck,Spend
UPI payment of ₹1609.62 to Gas Agency,Utilities,Spend
Debited ₹9107.47 at Electric Board,Utilities,Spend
Debited ₹1311.62 at Swiggy,Restaurants,Spend
₹6125.46 received via UPI from Flatmate,Rent,Receive
UPI payment of ₹8242.78 to Domino's,Restaurants,Spend
Paid ₹9596.47 to Landlord,Rent,Spend
₹1205.09 received via UPI from Domino's,Restaurants,Receive
Received ₹4362.82 from Myntra,Shopping,Receive
₹6657.56 received via UPI from TCS,Paycheck,Receive
UPI payment of ₹9102.81 to Swiggy,Restaurants,Spend
Credited ₹752.33 from KFC,Restaurants,Receive
Received ₹6829.78 from Flatmate,Rent,Receive
Debited ₹7791.16 at TCS,Paycheck,Spend
Received ₹5367.4 from Electric Board,Utilities,Receive
Credited ₹3404.85 from Electric Board,Utilities,Receive
Received ₹409.92 from Gas Agency,Utilities,Receive
UPI payment of ₹7907.35 to Water Dept,Utilities,Spend
UPI payment of ₹3771.39 to Electric Board,Utilities,Spend
₹8903.45 received via UPI from Electric Board,Utilities,Receive
₹7213.79 received via UPI from Landlord,Rent,Receive
Debited ₹6017.9 at Flatmate,Rent,Spend
₹4095.52 received via UPI from Swiggy,Restaurants,Receive
UPI payment of ₹6929.76 to Landlord,Rent,Spend
Debited ₹221.61 at KFC,Restaurants,Spend
Credited ₹8239.27 from Infosys,Paycheck,Receive
Credited ₹9745.62 from Landlord,Rent,Receive
UPI payment of ₹7789.27 to TCS,Paycheck,Spend
UPI payment of ₹5193.03 to Flatmate,Rent,Spend
UPI payment of ₹2868.89 to Gas Agency,Utilities,Spend
Paid ₹8662.02 to Landlord,Rent,Spend
